"dsname","bs_accu","rp_accu","ct_accu"
"obli",0.9695,0.956,0.964
"grid",0.98925,0.9865,0.51175
"diam",0.9145,0.87975,0.5
"circ",0.96,0.94375,0.7805
"ring",0.9295,0.88825,0.5
"sh88",0.8465,0.832,0.5
